name,deployment_id,slug,mounted_over,latitude,longitude,sensor_address_street,sensor_address_neighborhood,sensor_address_borough,sensor_address_state,sensor_address_zip,date_deployed,sensor_status,date_down
Q - Utopia Pkwy/ 67th Ave,lively_wanted_louse,Q-utopia-pkwy-67th-ave-1lmjc0,sidewalk,40.7345387,-73.7933739,67th Avenue,Utopia,Queens,NY,11365,2023-10-26 00:00:00,good,
BK - Junius St/Sutter Ave,lovely_helped_lamb,BK-junius-st-sutter-ave-1dnf80,sidewalk,40.6687423,-73.9026575,Junius Street,Brownsville,Brooklyn,NY,11212,2023-05-24 00:00:00,good,
Q - 126th St/109th Ave,fluffy-white-penguin,Q-126th-st-109th-ave-21vxbc,sidewalk,40.68397740522016,-73.81594872825937,109th Avenue,South Ozone Park,Queens,NY,11420,2024-09-06 03:38:00,good,
Q - 161st Ave/99th St,lonely_quiet_bear,Q-161st-ave-99th-st-1a5q80,sidewalk,40.6565645,-73.8335049,"99th Street, Hawtree Avenue",Howard Beach,Queens,NY,11414,2023-03-17 00:00:00,good,
BK - Knickerbocker Ave/Palmetto St,generally_enormous_panda,BK-knickerbocker-ave-palmetto-st-1mpi40,sidewalk,40.69629627,-73.91379,Knickerbocker Avenue,Bushwick,Brooklyn,NY,11221,2023-11-16 00:00:00,cert,
SI - McLaughlin St/Agnes Pl,likely-well-thrush,SI-mclaughlin-st-agnes-pl-1aigk0,sidewalk,40.5891322,-74.0726924,McLaughlin Street,South Beach,Staten Island,NY,10305,2023-03-24 00:00:00,good,
BX - Ditmars St/Hunter Ave,lame_wicked_maid,BX-ditmars-st-hunter-ave-1kwrk0,sidewalk,40.849297,-73.789528,Ditmars Street,City Island,Bronx,NY,10464,2023-10-12 00:00:00,good,
BX - Edgewater Rd/Seneca Ave,yearly-hardy-sloth,BX-edgewater-rd-seneca-ave-214yhc,sidewalk,40.819327211645174,-73.88379017356341,Edgewater Road,Hunts Point,Bronx,NY,10474,2024-08-22 14:08:00,good,
BX - Tier St/William Ave,helpful_empty_garden,BX-tier-st-william-ave-1kwuc0,sidewalk,40.848089,-73.789446,Tier Street,City Island,Bronx,NY,10464,2023-10-12 00:00:00,good,
Q - 164 Pl/109th Ave,gladly_pretty_magpie,Q-164-pl-109th-ave-1jtn80,sidewalk,40.695632,-73.7883928,164th Place,South Jamaica,Queens,NY,11433,2023-09-21 00:00:00,good,
BK - Wallabout St/Throop Ave,mean_flying_fish,BK-wallabout-st-throop-ave-19qu40,sidewalk,40.70281185,-73.94676843,Wallabout Street,Williamsburg,Brooklyn,NY,11206,2023-03-09 00:00:00,good,
M - Broadway/W 157th St,truly_chief_deer,M-w-157th-ave-broadway-1vr9w0,sidewalk,40.834239,-73.945121,West 157th Street,Washington Heights,Manhattan,NY,10032,2024-05-10 00:00:00,dead,
BX - Louis Niñé Bl/Southern Bl,mainly_whole_slug,BX-louis-niñé-bl-southern-bl-0pmu80,sidewalk,40.83097204,-73.89224038,"Louis Nine Boulevard, Wilkins Avenue",Longwood,Bronx,NY,10459,2022-02-11 00:00:00,signal,
Q - 253rd St/ 147 Drive,humbly_modest_vervet,Q-253rd-st-147-drive-1edno0,sidewalk,40.6558064,-73.736616,253rd Street,Rosedale,Queens,NY,11422,2023-06-07 00:00:00,retired,2023-06-22 00:00:00
BK - 35th St/3rd Ave,poorly_set_cougar,BK-35th-st-3rd-ave-20cdbc,sidewalk,40.65560565057419,-74.00496686951207,35th Street,Windsor Terrace,Brooklyn,NY,11232,2024-08-07 03:38:00,good,
Q - Hawtree Basin ,rarely_icky_armadillo,Q-hawtree-basin-1re3k0,basin,40.654466,-73.831991,Russell Street,Howard Beach,Queens,NY,11414,2024-02-15 00:00:00,good,
BK - 45th St/5th Ave,daily_expert_whale,BK-5th-ave-45th-st-1umrk0,sidewalk,40.64841693569066,-74.00833294990272,45th Street,Sunset Park,Brooklyn,NY,11220,2024-04-18 00:00:00,noisy,
Q - 150th St/41st Ave,mainly_moving_emu,Q-41st-ave-150th-st-1vcm40,sidewalk,40.76258427,-73.81415848,41st Avenue,Murray Hill,Queens,NY,11355,2024-05-02 00:00:00,dead,
M - Mangin St/Stanton St,likely_prompt_gibbon,M-stanton-st-mangin-st-1vri80,sidewalk,40.717847,-73.976228,"Stanton Street, A New Street",Lower East Side,Manhattan,NY,10002,2024-05-10 00:00:00,dead,
Q - 63rd St/Laurel Hill Blvd,only_set_calf,Q-63rd-st-laurel-hill-blvd-214qc0,sidewalk,40.73824556701692,-73.90277558217036,63rd Street,Woodside,Queens,NY,11377,2024-08-22 11:12:00,good,
M - Waverly Pl/6th Av,simply_pet_joey,M-waverly-pl-6th-av-0mg3o0,sidewalk,40.7329861,-74.0003358,Waverly Place,West Village,Manhattan,NY,10011,2021-12-11 00:00:00,dead,
M - Dyckman St/Payson Ave,really_brief_stork,M-dyckman-st-payson-ave-1yht40,sidewalk,40.866835,-73.9289721,"Dyckman Street, West 200th Street",Inwood,Manhattan,NY,10034,2024-07-02 15:05:00,dead,
BK - Winthrop St/ E 94th St,slowly_key_husky,BK-winthrop-st-e-94th-st-1dnt40,sidewalk,40.6611728,-73.9245166,Winthrop Street,Wingate,Brooklyn,NY,11212,2023-05-24 00:00:00,dead,2024-04-26 12:00:00
BX - Sheridan Bl/173rd St,slowly_fast_sawfly,BX-sheridan-bl-173rd-st-0pmx00,sidewalk,40.83360124,-73.88327326,"Sheridan Boulevard, New York-895, State Route 895, Sheridan Expressway North, New York State Route 895",West Farms,Bronx,NY,10459,2022-02-11 00:00:00,good,
BK - Walton St/Marcy Ave,clearly_bored_turtle,BK-walton-st-marcy-ave-19qww0,sidewalk,40.70082053,-73.95133488,Walton Street,Williamsburg,Brooklyn,NY,11206,2023-03-09 00:00:00,good,
M - W 119th St/5th Ave,neatly_mighty_magpie,M-w-119th-st-5th-ave-1yj9w0,sidewalk,40.803113,-73.9461449,West 119th Street,Central Harlem,Manhattan,NY,10026,2022-11-13 03:38:37.585543,dead,
Q - 157th St/109th Ave,total_moccasin_dolphin,Q-157th-st-109th-ave-0vqz80,sidewalk,40.69329667,-73.79433682,157th Street,South Jamaica,Queens,NY,11433,2022-06-10 00:00:00,retired,
BK - Bay 49th St/Harway Ave,subtly_amused_camel,BK-bay-49th-st-harway-ave-1xvl40,sidewalk,40.5882555,-73.9849693,Harway Avenue,Bath Beach,Brooklyn,NY,11214,2024-06-20 00:00:00,v3 cert,
Q - 41st Ave/78th St,slowly_cool_colt,Q-41st-ave-78th-st-1vep40,sidewalk,40.7455746,-73.88730927,41st Avenue,Elmhurst,Queens,NY,11373,2024-05-03 00:00:00,dead,2024-10-21 23:00:00
BK - Farragut Rd/Rogers Ave,hugely_divine_kid,BK-farragut-rd-rogers-ave-20rv00,sidewalk,40.6361593776096,-73.95069853200523,Farragut Road,East Flatbush,Brooklyn,NY,11210,2024-08-15 12:24:00,low_charge,
M - Morningside Av/125th St,duly_star_bee,M-morningside-av-125th-st-0mhn80,sidewalk,40.81115917,-73.95403304,Morningside Avenue,Morningside Heights,Manhattan,NY,10027,2021-12-12 00:00:00,retired,2023-10-12 00:00:00
BK - Blake Ave/Strauss St,daily_ace_bear,BK-blake-ave-strauss-st-1dnks0,sidewalk,40.664736,-73.9152202,Strauss Street,Brownsville,Brooklyn,NY,11212,2023-05-24 00:00:00,good,
Q - 155th Ave/79th St,only_enough_goat,Q-155th-ave-79th-st-215zzc,sidewalk,40.664029546879476,-73.85472959413005,79th Street,Lindenwood,Queens,NY,11414,2024-08-23 03:38:00,dead,
M - Hancock Pl/Morningside Ave,newly_immune_whale,M-hancock-pl-morningside-ave-1yjfg0,sidewalk,40.810956,-73.954405,Morningside Avenue,Morningside Heights,Manhattan,NY,10027,2024-07-03 15:11:00,v3 cert,
BK - Hoyt St/5th St,daily_new_falcon,BK-hoyt-st-5th-st-007sk0,sidewalk,40.67667202,-73.99459095,Hoyt Street,Carroll Gardens,Brooklyn,NY,11231,2020-10-05 00:00:00,good,
BK - Knickerbocker Ave/ Hart St,early_calm_ghoul,BK-knickerbocker-ave-hart-st-1e48s0,sidewalk,40.7014202,-73.9231089,Knickerbocker Avenue,Bushwick,Brooklyn,NY,11237,2023-06-02 00:00:00,low_charge,
Q - Sunbury Rd/Merrick Blvd,gladly_amazed_corgi,Q-sunbury-road-merrick-boulevard-20px3c,sidewalk,40.68332771050882,-73.76846820965291,Sunbury Road,Rochdale,Queens,NY,11434,2024-08-14 11:14:00,good,
Q - 159th St/109th Ave,boring_olive_stingray,Q-159th-st-109th-ave-0vr4s0,sidewalk,40.69395022,-73.79308702,159th Street,South Jamaica,Queens,NY,11433,2022-06-10 00:00:00,retired,
BX - Schurz Ave/Mullan Pl,loudly_bold_gecko,BX-mullan-pl-pennyfield-ave-1vpks0,sidewalk,40.815586,-73.807613,Mullan Place,Throgs Neck,Bronx,NY,10465,2024-05-09 00:00:00,v3 cert,
BK - Avenue Y/E 14th St,easily_immune_glider,BK-avenue-y-e-14th-st-20ru10,sidewalk,40.58969927391374,-73.95566843879487,East 14th Street,Homecrest,Brooklyn,NY,11235,2024-08-15 12:03:00,good,
Q - Beach Channel Dr/Beach 48th St,really_usable_ghoul,Q-beach-channel-dr-beach-48th-st-1zdub0,sidewalk,40.595000638307965,-73.77903529807006,Beach 48th Street,Edgemere,Queens,NY,11691,2024-07-19 12:09:00,v3 cert,
Q - 59th Ave/175th St,solely-nice-wren,Q-59th-ave-175th-st-21u2nc,sidewalk,40.740186152318216,-73.79526773579299,59th Avenue,Pomonok,Queens,NY,11365,2024-09-05 03:38:00,good,
SI - Dawson Ct/Dawson Cir,sadly_calm_cattle,SI-dawson-court-dawson-circle-20e7zc,sidewalk,40.604897814159614,-74.16616167730352,Dawson Circle,Bulls Head,Staten Island,NY,10314,2024-08-08 03:38:00,noisy,
Q - 77th St/62nd Ave,oddly_wired_marmot,Q-77th-st-62nd-ave-1vcgk0,sidewalk,40.72168657,-73.88090437,77th Street,Middle Village,Queens,NY,11379,2024-05-02 00:00:00,v3 cert,
Q - 102nd St/160th Ave,unified_angry_donkey,Q-102nd-st-160th-ave-1a5ng0,sidewalk,40.6587793,-73.8311849,102nd Street,Howard Beach,Queens,NY,11414,2023-03-17 00:00:00,good,
SI - Seaview Ave/Hylan Blvd,jolly-novel-boa,SI-seaview-ave-hylan-blvd-1aiug0,sidewalk,40.5866019,-74.0916799,Seaview Avenue,Dongan Hills,Staten Island,NY,10305,2023-03-24 00:00:00,good,
Q - Lewis Ave/101st St,widely-fit-colt,Q-lewis-ave-101st-st-21u2nc,sidewalk,40.74043061474572,-73.8593111462456,Lewis Avenue,South Corona,Queens,NY,11368,2024-09-05 03:38:00,good,
Q - 79th St/151st Ave,safely_moral_husky,Q-79th-st-151-ave-1w2go0,sidewalk,40.66706424,-73.8555802,151st Avenue,Lindenwood,Queens,NY,11414,2024-05-16 00:00:00,v3 cert,
SI - Catherine Ct/Jewett Ave,overly_game_cougar,SI-catherine-ct-jewett-ave-1wu5w0,sidewalk,40.6313107,-74.1305242,Jewett Avenue,Richmond,Staten Island,NY,10302,2024-05-31 00:00:00,v3 cert,
SI - Haven Ave/ Adam Ave,truly_set_thrush,SI-haven-ave-adam-ave-1qijg0,sidewalk,40.5792971,-74.0982011,Adams Avenue,Midland Beach,Staten Island,NY,10306,2024-01-29 00:00:00,good,
SI - Loop Rd,ugliest_cyan_elephant,SI-loop-rd-0y7y00,drain channel,40.60694,-74.1534582,Loop Road,CSI,Staten Island,NY,10314,2022-07-28 00:00:00,good,
Q - 160th St/72nd Ave,unduly_wanted_shad,Q-160th-st-72nd-ave-1lmgk0,sidewalk,40.7280589,-73.8089144,72nd Avenue,Pomonok,Queens,NY,11365,2023-10-26 00:00:00,good,
SI - Genesee Ave/Richmond Ave,lovely_up_boxer,SI-genesee-ave-richmond-ave-20e7zc,sidewalk,40.55283387554087,-74.16814694028086,Richmond Avenue,Eltingville,Staten Island,NY,10312,2024-08-08 03:38:00,good,
BK - Lee Ave/Middleton St,blue_eyed_tiger,BK-lee-ave-middleton-st-19qok0,sidewalk,40.70086017,-73.95459494,Lee Avenue,Williamsburg,Brooklyn,NY,11206,2023-03-09 00:00:00,good,
Q - Beach 35 St/Beach Channel Dr,dryly_receptive_rabbit,Q-beach-35-st-beach-channel-dr-1oeug0,sidewalk,40.59661824829862,-73.76780820244677,Beach 35th Street,Far Rockaway,Queens,NY,11691,2023-12-19 00:00:00,cert,
M - E 116th St/FDR Drive,only_vast_lizard,M-e-111th-st-a-new-st-1yjl00,sidewalk,40.7923514,-73.936903,East 110th Street,East Harlem,Manhattan,NY,10029,2024-07-03 15:33:00,low_charge,
SI - Jewett Ave/Castleton Ave,useless_crimson_rook,SI-jewett-ave-castleton-ave-0xwr80,sidewalk,40.63334637,-74.12958313,Jewett Avenue,Port Richmond,Staten Island,NY,10302,2022-07-22 00:00:00,good,2024-09-27 15:15:00
BX - White Plains Rd/Story Ave,simply_keen_quagga,BX-white-plains-rd-story-ave-1zbxz0,sidewalk,40.8243258880824,-73.85863711719362,Story Avenue,Soundview,Bronx,NY,10473,2024-07-18 11:33:00,v3 cert,
Q - 24th St/Bay 24th St,surely_light_grouse,Q-bay-24-st-cornage-ave-1w2rs0,sidewalk,40.6026011,-73.7614574,Bay 24th Street,Far Rockaway,Queens,NY,11691,2024-05-16 00:00:00,v3 cert,
BK - Van Brunt St/Reed St,evenly_divine_dingo,BK-van-brunt-st-reed-st-0pzyg0,sidewalk,40.6746023,-74.0160698,Van Brunt Street,Red Hook,Brooklyn,NY,11231,2022-02-18 00:00:00,retired,2022-12-27 00:00:00
BX - Story Ave/Boynton Ave,overly_grand_dove,BX-story-ave-boynton-ave-1zby0o,sidewalk,40.82185751909111,-73.87669846034316,Boynton Avenue,Soundview,Bronx,NY,10473,2024-07-18 11:34:00,v3 cert,
Q - Brookville Blvd/ Snake Rd 1,definitely-neat-hippo,Q-brookville-blvd-rockaway-blvd-1-23ndo0,dirt,40.6439,-73.74448,Brookville Boulevard,Rosedale,Queens,NY,11422,2024-10-10 10:00:00,good,
BX - Harrod Pl/Morrison Ave,unduly_mature_bunny,BX-morrison-ave-harrod-pl-1vpqc0,sidewalk,40.8288744,-73.8742932,Morrison Avenue,Bronx River,Bronx,NY,10472,2024-05-09 00:00:00,v3 cert,
Q - Brookville Blvd/147 Ave,vastly_select_guinea,Q-brookville-blvd-147-ave-1i17s0,sidewalk,40.65733,-73.744879,147th Avenue,Rosedale,Queens,NY,11422,2023-08-17 00:00:00,good,
BX - Home St/Intervale Av,daily_mutual_gnat,BX-home-st-intervale-av-0pmrg0,sidewalk,40.82826298,-73.89503694,Intervale Avenue,Longwood,Bronx,NY,10459,2022-02-11 00:00:00,offline,
Q - 108th Ave/159th St,weekly_exact_condor,Q-108th-ave-159th-st-1jtss0,sidewalk,40.6953844,-73.7940109,108th Avenue,South Jamaica,Queens,NY,11433,2023-09-21 00:00:00,good,
SI - Olympia/ Slater Blvd,kindly_expert_cobra,SI-olympia-slater-blvd-1j3so0,sidewalk,40.579374,-74.08697,Slater Boulevard,Midland Beach,Staten Island,NY,10305,2023-09-07 00:00:00,signal,
Q - 147 Drive/ 259 St,village_inflation_minor,Q-147-drive-259-st-1f5ig0,sidewalk,40.6557202,-73.7295579,147th Drive,Rosedale,Queens,NY,11422,2023-06-22 00:00:00,retired,2023-07-27 00:00:00
Q - 47th Ave/102nd St,unduly_great_grub,Q-47th-ave-102nd-st-20pwg0,sidewalk,40.74484464322043,-73.8616139581278,102nd Street,South Corona,Queens,NY,11368,2024-08-14 11:00:00,good,
Q - Kissena Blvd/ Rose Ave,doubtfully_popular_fawn,Q-kissena-blvd-rose-ave-1mpkw0,sidewalk,40.74609591,-73.81424141,Kissena Boulevard,Pomonok,Queens,NY,11355,2023-11-16 00:00:00,good,
Q - 231st St/ 148th Ave,deadly_trusty_troll,Q-231st-st-148th-ave-1edkw0,sidewalk,40.6556783,-73.7512911,148th Avenue,Brookville,Queens,NY,11413,2023-06-07 00:00:00,good,
BK - Whitty Ln/E 56th St,openly_equal_akita,BK-whitty-ln-e-56th-st-20rvlo,sidewalk,40.64107855453372,-73.92335452278984,East 56th Street,East Flatbush,Brooklyn,NY,11203,2024-08-15 12:37:00,low_charge,2024-11-11 17:50:00
BK - 3rd Ave/61st St,lately_tops_coral,BK-3rd-ave-61st-st-20cdbc,sidewalk,40.641312071956406,-74.02068165942539,61st Street,Sunset Park,Brooklyn,NY,11220,2024-08-07 03:38:00,v3 cert,
BK - Clarendon Rd/E 56th St,sadly_moving_bengal,BK-clarendon-rd-e-56th-st-20rvvo,sidewalk,40.64505635221627,-73.92379342939813,East 56th Street,East Flatbush,Brooklyn,NY,11203,2024-08-15 12:43:00,good,
BK - Vermont St/Stanley Ave,daily_merry_racer,BK-vermont-st-stanley-ave-215zzc,sidewalk,40.65763595292961,-73.88803178800053,Stanley Avenue,New Lots,Brooklyn,NY,11207,2024-08-23 03:38:00,good,
Q - Brookville Blvd/ Snake Rd 3,easily-dominant-snake,Q-brookville-blvd-149th-ave-3-23nfdo,dirt,40.64952826825322,-73.74560947652427,Brookville Boulevard,Rosedale,Queens,NY,11422,2024-10-10 10:37:00,good,
BK - Pioneer St/Conover St,gladly_mint_snail,BK-pioneer-st-conover-st-0pzvo0,sidewalk,40.67973354,-74.01242208,Conover Street,Red Hook,Brooklyn,NY,11231,2022-02-18 00:00:00,good,
Q - 83rd Pl/Penelope Ave,vastly_close_bobcat,Q-penelope-ave-83rd-pl-1vcug0,sidewalk,40.721347,-73.870753,83rd Place,Middle Village,Queens,NY,11379,2024-05-02 00:00:00,low_charge,
Q - Saint James Ave/Broadway,wildly_busy_hippo,Q-saint-james-ave-broadway-214qw0,sidewalk,40.74006351918828,-73.87852208999688,Broadway,Elmhurst,Queens,NY,11373,2024-08-22 11:24:00,good,
BK - Ditmas Ave/Westminster Rd,solely_on_tahr,BK-ditmas-ave-westminster-rd-1lbfc0,sidewalk,40.6357381,-73.9662952,"Westminster Road, East 12th Street",Flatbush,Brooklyn,NY,11218,2023-10-20 00:00:00,good,
BK - Marcy Ave/Ellery St,really_vocal_puma,BK-marcy-av-ellery-st-007vc0,sidewalk,40.69797412,-73.94983662,Marcy Avenue,Bedford Stuyvesant,Brooklyn,NY,11206,2020-10-05 00:00:00,retired,2023-03-09 00:00:00
Q - 69th Ave/195th Ln,simply-solid-cub,Q-69th-ave-195th-ln-21u2nc,sidewalk,40.73668208688946,-73.77870279065887,69th Avenue,Fresh Meadows,Queens,NY,11365,2024-09-05 03:38:00,dead,
Q - 145th Rd/Springfield Blvd,mostly_full_yeti,Q-145th-road-springfield-boulevard-20pw7o,sidewalk,40.66399859951093,-73.75930212741804,Springfield Boulevard,Brookville,Queens,NY,11413,2024-08-14 10:55:00,dead,2024-10-04 09:20:00
BK - Troy Ave/Farragut Rd,rarely_sacred_insect,BK-troy-ave-farragut-rd-20rv6o,sidewalk,40.637051102235716,-73.93485584912176,Farragut Road,East Flatbush,Brooklyn,NY,11203,2024-08-15 12:28:00,good,
M - E 122nd St/3rd,vastly_main_lion,M-e-122nd-st-3rd-1yjns0,sidewalk,40.8016851,-73.9374453,3rd Avenue,East Harlem,Manhattan,NY,10035,2022-11-13 03:38:37.585543,v3 cert,
Q - 1st St/Rockaway Blvd,loudly_key_quagga,Q-1st-st-rockaway-blvd-20pwq0,sidewalk,40.63809816562983,-73.74097605828273,"Rockaway Boulevard, New York 878, New York State Route 878, State Route 878",Rosedale,Queens,NY,11422,2024-09-19 11:06:00,noisy,
Q - 177th St/147th Ave,fully_modest_rodent,Q-177th-st-147th-ave-20pvr0,sidewalk,40.660522466976346,-73.76888550515102,177th Street,Brookville,Queens,NY,11434,2024-08-14 10:45:00,good,
Q - 147th Ave/Springfield Ln,simply_famous_horse,Q-147th-ave-springfield-ln-20pvio,sidewalk,40.65953523816191,-73.75990679351473,Springfield Lane,Brookville,Queens,NY,11413,2024-08-14 10:40:00,good,
Q - 50th Ave/65th Pl,lately_tender_jackal,Q-50th-ave-65th-pl-1vemc0,sidewalk,40.73714954,-73.90001916,65th Place,Woodside,Queens,NY,11377,2024-05-03 00:00:00,v3 cert,
BK - 2nd Ave/49th St,loudly_nearby_llama,BK-2nd-ave-49th-st-20cdbc,sidewalk,40.649779358090825,-74.01630744235513,2nd Avenue,Sunset Park,Brooklyn,NY,11232,2024-08-07 03:38:00,good,
BX - Ditmars St/Hunter Ave,mainly_caring_finch,BX-ditmars-st-hunter-ave-1hczk0,sidewalk,40.849405,-73.789165,Ditmars Street,City Island,Bronx,NY,10464,2023-08-04 00:00:00,retired,2023-10-12 00:00:00
M - E 108th St/Park Ave,defeated_smelly_cough,M-e-108th-st-park-ave-1kwx40,,40.794007,-73.946672,East 107th Street,East Harlem,Manhattan,NY,10029,2023-10-12 00:00:00,cert,
BX - Southern Blvd/Longwood Ave,only_free_oyster,BX-longwood-ave-southern-blvd-1vpnk0,sidewalk,40.8164713,-73.896187,Southern Boulevard,Hunts Point,Bronx,NY,10459,2024-05-09 00:00:00,v3 cert,
BK - Oceanview Ave/Ocean View Ave,evenly_giving_urchin,BK-oceanview-ave-ocean-view-ave-20cdbc,sidewalk,40.57900728921669,-73.96471800910776,"Oceanview Avenue, Ocean View Avenue",Manhattan Beach,Brooklyn,NY,11235,2024-08-07 03:38:00,retired,
Q - Brookville Blvd/ Snake Rd 2,possibly-positive-jawfish,Q-brookville-blvd-rockaway-blvd-2-23nei0,dirt,40.6437,-73.7442,Brookville Boulevard,Rosedale,Queens,NY,11422,2024-10-10 10:18:00,noisy,
BK - E 57th St/Snyder Ave,early_neat_satyr,BK-e-57th-st-snyder-ave-20rw0o,sidewalk,40.65058521103148,-73.92320082577001,Snyder Avenue,East Flatbush,Brooklyn,NY,11203,2024-08-15 12:46:00,good,
BX - E 165th St/River Ave,hugely-live-hermit,BX-e-165th-st-river-ave-214rec,sidewalk,40.832259300372556,-73.92411283956233,East 165th Street,West Concourse,Bronx,NY,10452,2024-08-22 11:35:00,good,
BK - Wythe Ave/Wallabout St,total_melt_deer,BK-wythe-ave-wallabout-st-19qzo0,sidewalk,40.69954219,-73.95898254,Wythe Avenue,Williamsburg,Brooklyn,NY,11249,2023-03-09 00:00:00,good,
BK - Lorraine St/Henry St,early_still_frog,BK-lorraine-st-henry-st-0pzsw0,sidewalk,40.6737066,-74.0043495,Lorraine Street,Red Hook,Brooklyn,NY,11231,2022-02-18 00:00:00,good,
BX - Colgate Av/Westchester Av,weekly_fair_dove,BX-colgate-av-westchester-av-0pmzs0,sidewalk,40.8284266,-73.8820354,Colgate Avenue,Soundview-Bruckner,Bronx,NY,10472,2022-02-11 00:00:00,good,
Q - Beach 29th St/Seagirt Ave,vastly_deep_glider,Q-beach-29th-st-seagirt-ave-1w2p00,sidewalk,40.594737,-73.761827,Beach 29th Street,Far Rockaway,Queens,NY,11691,2024-05-16 00:00:00,v3 cert,
BX - E 165th St/Teller Ave,deadly-expert-skunk,BX-e-165th-st-teller-ave-214ty0,sidewalk,40.82846254724936,-73.91403904224475,East 165th Street,East Concourse,Bronx,NY,10456,2024-08-22 12:30:00,v3 cert,
Q - 160th St/107th Ave,mildly_loving_doe,Q-160th-st-107th-ave-1jtyc0,sidewalk,40.6973695,-73.7945793,160th Street,South Jamaica,Queens,NY,11433,2023-09-21 00:00:00,good,
Q - 169th St/Underhill Ave,widely-just-bat,Q-169th-st-underhill-ave-21u2nc,sidewalk,40.74706851698744,-73.79932412639855,169th Street,Pomonok,Queens,NY,11365,2024-09-05 03:38:00,good,
BX - College Ave/E 165th St,subtly-grand-weasel,BX-college-ave-e-165th-st-214t90,sidewalk,40.829108700662516,-73.91568171452036,East 165th Street,East Concourse,Bronx,NY,10456,2024-08-22 12:15:00,good,
Q - 175th St/75th Ave,gently-top-dory,Q-175th-st-75th-ave-21u2nc,sidewalk,40.72826924863767,-73.79478404347037,175th Street,Hillcrest,Queens,NY,11366,2024-09-05 03:38:00,good,
SI - Fabian St/Sneden Ave,rarely_pet_marmot,SI-fabian-st-sneden-ave-20e7zc,sidewalk,40.541109795552785,-74.17425635139966,Sneden Avenue,Richmond,Staten Island,NY,10312,2024-08-08 03:38:00,v3 cert,
BK - Fulton St/Dekalb Ave,barely_fancy_squid,BK-fulton-st-dekalb-ave-1zmfzc,sidewalk,40.689811647219614,-73.98309451306314,"Fulton Street, Fulton Mall, Harriet Ross Tubman Avenue",Brooklyn Heights,Brooklyn,NY,11201,2024-07-24 03:38:00,dead,
BK - Marcy Ave/Flushing Ave,closed_wagon_snail,BK-marcy-ave-flushing-ave-19qzo0,sidewalk,40.69928278,-73.95008302,Marcy Avenue,Bedford Stuyvesant,Brooklyn,NY,11206,2023-03-09 00:00:00,dead,
BK - 76th St/10th Ave,slowly_sharp_dog,BK-10th-ave-76th-st-1umos0,sidewalk,40.6237513,-74.0144992,10th Avenue,Dyker Heights,Brooklyn,NY,11228,2024-04-18 00:00:00,v3 cert,
Q - 184th St/91st Ave,wholly_needed_cougar,Q-184th-st-91st-ave-1lmro0,sidewalk,40.7104752,-73.7765292,184th Street,Hollis,Queens,NY,11423,2023-10-26 00:00:00,good,2024-08-19 12:00:00
BK - 2nd Ave/53rd St,gently_model_piglet,BK-2nd-ave-53rd-st-1umuc0,sidewalk,40.6473476,-74.0184865,"53rd Street, Whale Square",Sunset Park,Brooklyn,NY,11232,2024-04-18 00:00:00,v3 cert,
Q - Hobart St/31st Ave,mostly_equal_moth,Q-hobart-st-31st-ave-214plc,sidewalk,40.757298610709825,-73.9081460317826,Hobart Street,Jackson Heights,Queens,NY,11377,2024-08-22 10:56:00,noisy,
SI - Lenevar Ave & Drumgoole Rd W,safely_tight_pug,SI-lenevar-ave--drumgoole-rd-w-1wubg0,sidewalk,40.5315041,-74.2069581,Lenevar Avenue,Woodrow,Staten Island,NY,10309,2024-05-31 00:00:00,v3 cert,
BK - 9th St/Smith St,widely_proud_lizard,BK-9th-st-smith-st-0etvg0,sidewalk,40.67365435,-73.99539641,9th Street,Gowanus,Brooklyn,NY,11215,2021-07-16 00:00:00,retired,2021-12-10 00:00:00
M - Malcolm X Blvd/W 118th,mildly_tough_spider,M-malcolm-x-blvd-w-118th-1yjl00,sidewalk,40.802614,-73.948844,West 117th Street,Central Harlem,Manhattan,NY,10026,2024-07-03 15:15:00,dead,
Q - Davenport Ct 1,mildly_calm_ibex,Q-davenport-ct-1-07zks0,road,40.6533868,-73.8305586,Davenport Court,Howard Beach,Queens,NY,11414,2021-03-05 00:00:00,good,
M - E 117th St/1st Ave,mildly_ace_husky,M-e-117th-st-1st-ave-1yji80,sidewalk,40.796533,-73.935178,1st Avenue,East Harlem,Manhattan,NY,10035,2024-07-03 15:30:00,v3 cert,
BK - Farragut Rd/Brooklyn Ave,really_subtle_fawn,BK-farragut-rd-brooklyn-ave-20rvdc,sidewalk,40.63677061975801,-73.94232856010746,Brooklyn Avenue,East Flatbush,Brooklyn,NY,11210,2024-08-15 12:32:00,good,
BK - 16th Ave/80th St,poorly_many_snake,BK-16th-ave-80th-st-20cdbc,sidewalk,40.61328106018124,-74.00360191275216,80th Street,Bensonhurst,Brooklyn,NY,11214,2024-08-07 03:38:00,v3 cert,
Q - Maurice Ave/Queens Midtown Expressway,openly_bright_llama,Q-maurice-ave-queens-midtown-expy-1vejk0,sidewalk,40.72763714896826,-73.90661582449584,"Queens Midtown Expressway, Borden Avenue",Maspeth,Queens,NY,11378,2024-05-03 00:00:00,dead,2024-10-10 20:20:00
BK - Rockaway Pkwy/ Clarkson Ave,hardly_usable_boxer,BK-rockaway-pkwy-clarkson-ave-1dni00,sidewalk,40.6611077,-73.9199568,Rockaway Parkway,Rugby,Brooklyn,NY,11212,2023-05-24 00:00:00,good,
Q - 96th St/55th Ave,duly_wanted_akita,Q-97th-pl-christie-ave-20q200,sidewalk,40.73840091843303,-73.86549502852017,Christie Avenue,South Corona,Queens,NY,11368,2024-08-14 13:00:00,retired,2024-10-14 17:10:00
BK - Vanderbilt Ave/Flushing Ave,kindly_vital_hen,BK-vanderbilt-ave-flushing-ave-214o0o,sidewalk,40.697724552475705,-73.97067446591976,Vanderbilt Avenue,Clinton Hill,Brooklyn,NY,11205,2024-08-22 10:22:00,good,
Q - Beach 49th St/Rockaway Beach Blvd,simply_fancy_tapir,Q-beach-49th-st-rockaway-beach-blvd-1zdu7o,sidewalk,40.59333916504943,-73.7797425770508,Beach 49th Street,Edgemere,Queens,NY,11691,2024-07-19 12:07:00,v3 cert,
Q - Beach 84 St,daily_happy_satyr,Q-beach-84-st-0me680,sidewalk,40.59136,-73.80996,Beach 84th Street,Seaside,Queens,NY,11693,2021-12-10 00:00:00,good,
Q - Russell St 2,easily_dear_mouse,Q-russell-st-2-07zt40,road,40.6542542,-73.83173579,Russell Street,Howard Beach,Queens,NY,11414,2021-03-05 00:00:00,retired,2024-02-15 00:00:00
M - Indian Rd/W 215th St,wholly_gentle_ghost,M-indian-rd-w-215th-st-1yhqc0,road,40.8730757,-73.9184575,West 218th Street,Inwood,Manhattan,NY,10034,2024-07-02 15:01:00,dead,
BK - Richardson St/N 11th St,hardly_graceful_bison ,BK-richardson-st-n-11th-st-1x59w0,sidewalk ,40.71825614,-73.95259321,North 11th Street,Williamsburg,Brooklyn,NY,11211,2024-06-06 00:00:00,v3 cert,
SI - Barlow Ave/Abingdon Ave,merely_upward_goblin,SI-barlow-ave-abingdon-ave-20e7zc,sidewalk,40.558331571650456,-74.15967266313824,Abingdon Avenue,Richmond,Staten Island,NY,10308,2024-08-08 03:38:00,v3 cert,
BK - 9th St/Smith St,overly_heroic_squid,BK-9th-st-smith-st-0mlfc0,sidewalk,40.673401,-73.994892,9th Street,Gowanus,Brooklyn,NY,11215,2024-10-31 11:43:00,good,2024-10-31 13:45:00
Q - 160th St/Brinkerhoff Ave,truly_pretty_calf,Q-160th-st-brinkerhoff-ave-1ju140,sidewalk,40.692628,-73.790908,"110th Avenue, Brinkerhoff Avenue",South Jamaica,Queens,NY,11433,2023-09-21 00:00:00,good,
Q - 1st St/104th St,big_pink_elephant,Q-1st-st-104th-st-1a5t00,sidewalk,40.6559075,-73.828642,1st Street,Howard Beach,Queens,NY,11414,2023-03-17 00:00:00,good,
BX - Cedar Ave/W 179th St,firmly_sharp_mullet,BX-w-179th-st-cedar-ave-1vpt40,sidewalk,40.8555641,-73.917483,Cedar Avenue,University Heights,Bronx,NY,10453,2024-05-09 00:00:00,dead,
Q - Roosevelt Ave/63rd St,daily_joint_husky,Q-roosevelt-ave-63rd-st-214pvc,sidewalk,40.74568613847828,-73.90111324200524,63rd Street,Woodside,Queens,NY,11377,2024-08-22 11:02:00,good,
BK - Carroll St/4th Av,weekly_poetic_guinea,BK-carroll-st-4th-av-0ery00,sidewalk,40.67628059,-73.98408855,Carroll Street,Park Slope,Brooklyn,NY,11215,2021-07-15 00:00:00,signal,
BX - Morris Ave/E 170th St,humbly-flying-buck,BX-morris-ave-e-170th-st-214qm0,sidewalk,40.837699257227285,-73.91145126186375,Morris Avenue,East Concourse,Bronx,NY,10456,2024-08-22 11:18:00,good,
BK - 41st St/2nd Ave,solely_nice_beagle,BK-2nd-ave-41st-st-20cdbc,sidewalk,40.654142460228,-74.01176472907522,41st Street,Sunset Park,Brooklyn,NY,11232,2024-08-07 03:38:00,noisy,
Q - 159th St/109th Ave,nicely_brief_dory,Q-159th-st-109th-ave-1jtvk0,sidewalk,40.6938104,-73.7928629,109th Avenue,South Jamaica,Queens,NY,11433,2023-09-21 00:00:00,good,
BK - Marion St/Howard Ave,mainly_alert_magpie,BK-marion-st-howard-ave-215zzc,sidewalk,40.68089233249577,-73.91937980742034,Marion Street,Bedford Stuyvesant,Brooklyn,NY,11233,2024-08-23 03:38:00,good,
M - Park Ave/ Tito Puente Wy,evenly_cool_ram,M-park-ave-tito-puente-wy-1yjco0,sidewalk,40.7955849,-73.9457068,Park Avenue,East Harlem,Manhattan,NY,10029,2024-07-03 15:26:00,dead,
Q - Holly Ave/Union St,openly_rested_frog,Q-holly-ave-union-st-1vcow0,sidewalk,40.75138825,-73.81783637,"Holly Avenue, 46th Avenue",Downtown Flushing,Queens,NY,11355,2024-05-02 00:00:00,v3 cert,
SI - Baden Pl/ Mapleton Ave,highly_comic_akita,SI-baden-pl-mapleton-ave-1dejs0,sidewalk,40.5731887,-74.0903863,Mapleton Avenue,Midland Beach,Staten Island,NY,10306,2023-05-19 00:00:00,good,
Q - Church Rd/E 7th Rd,lively_dear_crane,Q-church-rd-e-7th-rd-1zdtxo,sidewalk,40.60854532007761,-73.81835199178045,East 7th Road,Broad Channel,Queens,NY,11693,2024-07-19 12:01:00,good,
SI - Boundary Ave/ Hull Ave,highly_master_pony,SI-boundary-ave-hull-ave-1debg0,sidewalk,40.5800453,-74.0983798,Hull Avenue,Midland Beach,Staten Island,NY,10306,2023-05-19 00:00:00,good,
SI - Lyon Pl/Devens St,future_aqua_wildcat,SI-lyon-pl-devens-st-0xwzk0,sidewalk,40.61937329,-74.14743599,Lyon Place,Westerleigh,Staten Island,NY,10314,2022-07-22 00:00:00,good,
Q - Beach 72nd St/Almeda Ave,random_stuck_buffalo,Q-beach-72nd-st-almeda-ave-1a5hw0,sidewalk,40.5965724,-73.8009935,Beach 72nd Street,Somerville,Queens,NY,11692,2023-03-17 00:00:00,good,
Q - Park Ln/Park Lane South,surely-amused-shark,Q-park-lane-park-lane-south-21u2nc,sidewalk,40.70782310182605,-73.8371714125027,"Park Lane South, Park Place, Onslow Place",Kew Gardens,Queens,NY,11415,2024-09-05 03:38:00,good,
Q - 169th St/Sayres Ave,evenly_cute_tomcat,Q-169th-st-sayres-ave-1jtq00,sidewalk,40.6922895,-73.7816151,169th Street,South Jamaica,Queens,NY,11433,2023-09-21 00:00:00,dead,
Q - 51st Ave/Jacobus St,slowly_meet_poodle,Q-51st-ave-jacobus-st-20q7k0,sidewalk,40.73669092002319,-73.88769718563638,51st Avenue,Lefrak City,Queens,NY,11373,2024-08-14 15:00:00,low_charge,
Q - 133rd St/97th Ave,surely-tough-leech,Q-133rd-st-97th-ave-21vxbc,sidewalk,40.694501764264004,-73.81528690055144,97th Avenue,South Richmond Hill,Queens,NY,11419,2024-09-06 03:38:00,dead,
SI - Willow Rd E/Nina Ave,asleep_apricot_bedbug,SI-willow-rd-e-nina-ave-0xx2c0,sidewalk,40.61133023,-74.1510578,Willow Road East,Westerleigh,Staten Island,NY,10314,2022-07-22 00:00:00,good,
BK - 4th Av/Garfield Pl,daily_gentle_beetle,BK-4th-av-garfield-pl-0erv80,sidewalk,40.67585478,-73.98394371,4th Avenue,Park Slope,Brooklyn,NY,11215,2021-07-15 00:00:00,good,
Q - 98th St/Alstyne Ave,simply_sweet_shad,Q-98th-st-alstyne-ave-20pz80,sidewalk,40.74312763596919,-73.86445756767765,Alstyne Avenue,South Corona,Queens,NY,11368,2024-08-14 12:00:00,good,
BK - Dover St/Shore Blvd,firmly_wired_koala,BK-dover-st-shore-blvd-20cdbc,sidewalk,40.582007070574036,-73.94999801576643,Dover Street,Manhattan Beach,Brooklyn,NY,11235,2024-08-07 03:38:00,v3 cert,
BK - Nautilus Ave/Surf Ave,unduly_flying_hog,BK-nautilus-ave-surf-ave-20cdbc,sidewalk,40.57551779897301,-74.00830811461817,Surf Avenue,Sea Gate,Brooklyn,NY,11224,2024-08-07 03:38:00,good,
BX - Cross St/Minnieford Ave,fluttering_massive_faucet,BX-cross-st-minnieford-ave-1kwos0,sidewalk,40.853159,-73.788843,Minnieford Avenue,City Island,Bronx,NY,10464,2023-10-12 00:00:00,good,
Q - W 16th Rd/Cross Bay Blvd,merely_equal_alien,Q-w-16th-rd-cross-bay-blvd-1zdu4c,sidewalk,40.60161610356877,-73.82045332332446,West 16th Road,Broad Channel,Queens,NY,11693,2024-07-19 12:05:00,v3 cert,
BK - Meserole Ave/Newel St,loyally_fastidious_sheep,BK-meserole-ave-newel-st-1tyro0,sidewalk,40.7282939,-73.94924277,Meserole Avenue,Greenpoint,Brooklyn,NY,11222,2024-04-05 00:00:00,dead,
BK - Kent Ave/Wallabout St,light_maroon_penguin,BK-kent-ave-wallabout-st-19r2g0,sidewalk,40.69933611,-73.960584,Kent Avenue,Williamsburg,Brooklyn,NY,11249,2023-03-09 00:00:00,good,
Q - 48th Ave/108th St,oddly_prompt_stud,Q-48th-ave-108th-st-20pto0,sidewalk,40.74612814363269,-73.85627836615188,108th Street,South Corona,Queens,NY,11368,2024-08-14 10:00:00,good,
BK - Church Ave/E 53rd St,gently_fun_gator,BK-church-ave-e-53rd-st-215zzc,sidewalk,40.652245091208755,-73.92770854319444,Church Avenue,East Flatbush,Brooklyn,NY,11203,2024-08-23 03:38:00,good,
BK - 19th Ave/77th St,loudly_upward_eel,BK-19th-ave-77th-st-20cdbc,sidewalk,40.610848626539024,-73.99545047268755,19th Avenue,Bensonhurst,Brooklyn,NY,11214,2024-08-07 03:38:00,good,
BK - Utica Ave/Rutland Rd,slowly_steady_stork,BK-utica-ave-rutland-rd-215zzc,sidewalk,40.66065484650838,-73.93110297322951,Rutland Road,Wingate,Brooklyn,NY,11203,2024-08-23 03:38:00,good,
Q - Mowbray Dr/Austin St,really-cute-lemur,Q-mowbray-dr-austin-st-21vxbc,sidewalk,40.7099285918633,-73.83033000503903,Austin Street,Kew Gardens,Queens,NY,11415,2024-09-06 03:38:00,good,
Q - 120th Ave/177th Pl,slowly_actual_jay,Q-sunbury-road-177th-place-20pwtc,sidewalk,40.68510206693617,-73.76706588732331,177th Place,Rochdale,Queens,NY,11434,2024-08-14 11:08:00,good,
BK -  Farragut Rd/ Rockaway Pkwy,poorly_amazed_muskox,BK-farragut-rd-rockaway-pkwy-1umj80,sidewalk,40.646557073919155,-73.90420404616415,Farragut Road,Canarsie,Brooklyn,NY,11236,2024-04-18 00:00:00,v3 cert,
Q - 30th Ave/77th St,early_many_oyster,Q-30th-ave-77th-st-1vcm40,sidewalk,40.7606216,-73.8911414,77th Street,Jackson Heights,Queens,NY,11370,2024-05-02 00:00:00,v3 cert,
M - Rivington St/Suffolk St,barely_aware_bee,M-rivington-st-suffolk-st-1zmfzc,sidewalk,40.719461,-73.985789,Suffolk Street,Lower East Side,Manhattan,NY,10002,2024-07-24 03:38:00,low_charge,
M - 126th St/7th Av,easily_cosmic_slug,M-126th-st-7th-av-0mi140,sidewalk,40.80982983,-73.94810047,"West 126th Street, Sylvia P Woods Way, James Brown Way",Central Harlem,Manhattan,NY,10027,2021-12-12 00:00:00,good,2024-05-02 12:00:00
BK - Dumont Ave/Hendrix St,gently_exotic_bunny,BK-dumont-ave-hendrix-st-215zzc,sidewalk,40.66721329528036,-73.88782967070314,Dumont Avenue,East New York,Brooklyn,NY,11207,2024-08-23 03:38:00,good,
Q - Davenport Ct 2,mainly_fond_boar,Q-davenport-ct-2-07znk0,road,40.6533868,-73.8305586,Davenport Court,Howard Beach,Queens,NY,11414,2021-03-05 00:00:00,retired,2022-12-14 00:00:00
BK - Kingston Ave/Rutland Rd ,mainly_kind_boxer,BK-kingston-ave-rutland-rd-1dnqc0,sidewalk,40.6599911,-73.9426034,Kingston Avenue,Wingate,Brooklyn,NY,11203,2023-05-24 00:00:00,good,
Q - 71st St/31st Ave,duly_pumped_wren,Q-71st-st-31st-ave-214p1c,sidewalk,40.75841487302745,-73.89624558496364,71st Street,Jackson Heights,Queens,NY,11370,2024-08-22 10:44:00,good,
BK - Coney Island Ave/Brighton Beach Ave,vastly_legal_calf,BK-coney-island-ave-brighton-beach-ave-20cdbc,sidewalk,40.57747514572279,-73.95950862825634,Coney Island Avenue,Manhattan Beach,Brooklyn,NY,11235,2024-08-07 03:38:00,v3 cert,
BK - Mermaid Ave/W 27th St,hardly_keen_bird,BK-mermaid-ave-w-27th-st-1uors0,sidewalk,40.5756576,-73.9929282,Mermaid Avenue,Coney Island,Brooklyn,NY,11224,2024-04-19 00:00:00,v3 cert,2024-09-28 05:45:00
Q - 108th Ave/159th St,handsome_violet_leech,Q-108th-ave-159th-st-0vr200,sidewalk,40.69537131,-73.79411487,108th Avenue,South Jamaica,Queens,NY,11433,2022-06-10 00:00:00,retired,
Q - 87th St/Astoria Blvd,curly_furry_squirrel,Q-87th-st-astoria-blvd-1pmwk0,road,40.76466648,-73.88184068,87th Street,East Elmhurst,Queens,NY,11369,2024-01-12 00:00:00,good,
Q - Russell St 1,duly_pro_vervet,Q-russell-st-1-07zqc0,road,40.65431241,-73.83156638,Russell Street,Howard Beach,Queens,NY,11414,2021-03-05 00:00:00,good,
BK - Flatlands Ave/E 80th St,mostly_sunny_weasel,BK-flatlands-ave-e-80th-st-1umm00,sidewalk,40.635483,-73.913574,Flatlands Avenue,Canarsie,Brooklyn,NY,11236,2024-04-18 00:00:00,v3 cert,
M - E 108th St/1st Ave,easily_fond_kiwi,M-e-108th-st-1st-ave-1vrco0,sidewalk,40.790943,-73.939451,East 108th Street,East Harlem,Manhattan,NY,10029,2024-05-10 00:00:00,v3 cert,
SI - Rector St/Richmond Terr,sadly-direct-walrus,SI-rector-st-richmond-terr-1aijc0,sidewalk,40.6371858,-74.1277838,Rector Street,West Brighton,Staten Island,NY,10310,2023-03-24 00:00:00,noisy,2024-09-26 15:46:00
Q - Hillside Ave/127th St,newly-true-finch,Q-hillside-ave-127th-st-21vxbc,sidewalk,40.703140887547164,-73.82432930257686,127th Street,Richmond Hill,Queens,NY,11418,2024-09-06 03:38:00,good,
BK - 83rd St/21st Ave,solely_modern_locust,BK-83rd-st-21st-ave-20rsoo,sidewalk,40.604881450468014,-73.99414778177844,83rd Street,Bensonhurst,Brooklyn,NY,11214,2024-08-15 11:34:00,good,
BK - Mermaid Ave/W 32th St,only_modern_bee,BK-mermaid-ave-w-32th-st-1uodw0,sidewalk,40.5750004,-73.9984733,West 32nd Street,Coney Island,Brooklyn,NY,11224,2024-04-19 00:00:00,retired,
SI - Chapin Ave/Dalemere Rd,only_wise_mule,SI-chapin-ave-dalemere-rd-1uzko0,sidewalk,40.5974986,-74.1017731,Chapin Avenue,Dongan Hills,Staten Island,NY,10304,2024-04-25 00:00:00,dead,
Q - Beach 42nd St/Beach Channel Dr,oddly_eager_hen,Q-beach-42nd-st-beach-channel-dr-1zduec,sidewalk,40.59586672090347,-73.77365052806978,Beach Channel Drive,Edgemere,Queens,NY,11691,2024-07-19 12:11:00,v3 cert,
Q - 177th St/129th Ave,mostly_poetic_wren,Q-177th-st-129th-ave-20pxgo,sidewalk,40.6804643785602,-73.76568176430827,177th Street,Rochdale,Queens,NY,11434,2024-08-14 11:22:00,good,
BK - Church Ave/E10th St,firmly_needed_heron,BK-church-ave-e10th-st-1lbck0,sidewalk,40.6467299,-73.9701657,"Church Avenue, State Route 27, New York State Route 27, New York 27",Prospect Park South,Brooklyn,NY,11218,2023-10-20 00:00:00,good,2024-09-14 15:00:00
Q - 232nd St/147th Ave,overly_sharp_collie,Q-147th-st-235th-st-1w2dw0,sidewalk,40.65748526,-73.7478015,147th Avenue,Brookville,Queens,NY,11413,2024-05-16 00:00:00,retired,
SI - Hylan Blvd/ Jefferson Blvd,oddly_valid_asp,SI-hylan-blvd-jefferson-blvd-1nhfo0,sidewalk,40.5810823,-74.0985182,Hylan Boulevard,Midland Beach,Staten Island,NY,10306,2023-12-01 00:00:00,dead,
Q - 149th Ave/ Brookville Blvd,mind_deal_ensure,Q-149th-ave-brookville-blvd-1f54k0,sidewalk,40.6525897,-73.7464348,149th Avenue,Rosedale,Queens,NY,11422,2023-06-22 00:00:00,good,
BK - DeWitt Ave/Williams Ave,loudly_right_cub,BK-dewitt-ave-williams-ave-215zzc,sidewalk,40.656384971419385,-73.89570297298602,Williams Avenue,New Lots,Brooklyn,NY,11207,2024-08-23 03:38:00,good,
SI - Ridgewood Ave/Arthur Kill Rd,duly_exotic_collie,SI-ridgewood-ave-arthur-kill-rd-20e7zc,sidewalk,40.56032485279107,-74.16635122467817,Arthur Kill Road,Eltingville,Staten Island,NY,10312,2024-08-08 03:38:00,good,
Q - 30th Ave/89th St,closely_muddy_scurvy,Q-30th-ave-89th-st-1pmzc0,sidewalk,40.76183408,-73.87997808,30th Avenue,East Elmhurst,Queens,NY,11369,2024-01-12 00:00:00,good,
Q - 100th St/34th Ave,purely_tight_gannet,Q-34th-ave-100th-st-1vcjc0,sidewalk,40.7552491674981,-73.86815757252867,100th Street,North Corona,Queens,NY,11368,2024-05-02 00:00:00,v3 cert,
BK - E 45th St/ Rutland Rd,barely_hot_aphid,BK-e-45th-st-rutland-rd-1dnf80,sidewalk,40.6602317,-73.9361833,East 45th Street,Wingate,Brooklyn,NY,11203,2023-05-24 00:00:00,good,
BK - Ocean Ave/Dorchester Rd,wholly_fast_colt,BK-ocean-ave-dorchester-rd-1lbi40,sidewalk,40.6410513,-73.9594633,Ocean Avenue,Ditmas Park,Brooklyn,NY,11226,2023-10-20 00:00:00,good,
Q - Hendrickson Pl/166th St,miserly_ivory_oryx,Q-hendrickson-pl-166th-st-1x5fg0,sidewalk,40.698448510033,-73.78886218901918,Hendrickson Place,South Jamaica,Queens,NY,11433,2024-06-06 00:00:00,good,
SI - Sweetbrook Rd & Ridgewood Ave,weekly_smart_frog,SI-sweetbrook-rd--ridgewood-ave-1wue80,sidewalk,40.5555667,-74.1649997,Sweet Brook Road,Eltingville,Staten Island,NY,10312,2024-05-31 00:00:00,v3 cert,
Q - Beach Channel Dr/Beach 38th St,humbly_ruling_elk,Q-beach-channel-dr-beach-38th-st-1zduho,sidewalk,40.59573341730359,-73.77049801204387,Beach 38th Street,Edgemere,Queens,NY,11691,2024-07-19 12:13:00,v3 cert,
SI - Grimsby St/ Mapleton Ave,purely_fancy_kite,SI-grimsby-st-mapleton-ave-1de5w0,sidewalk,40.5748358,-74.0934482,Grimsby Street,Midland Beach,Staten Island,NY,10306,2023-05-19 00:00:00,good,
BX - Centre St/City Island Ave,barely_brave_caiman,BX-centre-st-city-island-ave-1gmzg0,sidewalk,40.844349,-73.785508,City Island Avenue,City Island,Bronx,NY,10464,2023-07-21 00:00:00,dead,2023-10-12 00:00:00
Q - 71st Ave/75th St,rarely_intent_donkey,Q-71st-ave-75th-st-1vcro0,sidewalk,40.70700629,-73.87551215,75th Street,Middle Village,Queens,NY,11379,2024-05-02 00:00:00,v3 cert,
M - Bennett Ave/Broadway,evenly_alive_grouse,M-bennett-ave-broadway-1yhi00,sidewalk,40.8593383,-73.9315335,Bennett Avenue,Fort George,Manhattan,NY,10040,2024-07-02 15:09:00,v3 cert,
BK - Wallabout St/Harrison Ave,simply_half_monkey,BK-wallabout-st-harrison-ave-19qrc0,sidewalk,40.70160296,-73.94860116,Wallabout Street,Williamsburg,Brooklyn,NY,11206,2023-03-09 00:00:00,good,
M - Avenue C/E 5th St,hugely_huge_bird,M-avenue-c-e-5th-st-1zmfzc,sidewalk,40.72297268734593,-73.97980046691033,East 5th Street,East Village,Manhattan,NY,10009,2024-07-24 03:38:00,v3 cert,
BX - Watson Ave/Close Ave,humbly_aware_rabbit,BX-watson-ave-close-ave-1zbbzc,sidewalk,40.82562603095889,-73.88236621523284,Close Avenue,Soundview-Bruckner,Bronx,NY,10472,2024-07-18 03:38:00,v3 cert,2024-10-12 13:40:00
M - W 143rd St/Frederick Douglass Blvd,really_nice_roughy,M-w-143rd-st-frederick-douglass-blvd-1yhi00,sidewalk,40.8221949,-73.9426532,West 144th Street,Central Harlem,Manhattan,NY,10030,2024-07-02 10:00:00,v3 cert,2024-10-15 07:07:00
BK - Concord St/Navy St,subtly_alert_marten,BK-concord-st-navy-st-1zmfzc,sidewalk,40.69783740982501,-73.98044606510135,Navy Street,Downtown Brooklyn,Brooklyn,NY,11201,2024-07-24 03:38:00,v3 cert,
Q - Beach 66th St/Thursby Ave,small_red_chicken,Q-beach-66th-st-thursby-ave-1a5vs0,sidewalk,40.5959557,-73.7955562,Beach 66th Street,Somerville,Queens,NY,11692,2023-03-17 00:00:00,good,
BK - Dean St/Utica Ave,jolly_civil_bat,BK-dean-st-utica-ave-215zzc,sidewalk,40.675493466423035,-73.93030800355434,Utica Avenue,Weeksville,Brooklyn,NY,11233,2024-08-23 03:38:00,v3 cert,
M - 10th Ave/ W 211th St,solely_strong_eft,M-10th-ave-w-211th-st-1yhnk0,sidewalk,40.8671282,-73.9171868,West 211th Street,Inwood,Manhattan,NY,10034,2024-07-02 14:58:00,noisy,
BX - Barnes Ave/Bruner Ave,mildly_fond_pig,BX-bruner-ave-barnes-ave-1vpi00,sidewalk,40.899451,-73.84992855,Bruner Avenue,Wakefield,Bronx,NY,10466,2024-05-09 00:00:00,noisy,
Q - 37th Rd/Woodside Ave,kindly_loving_pug,Q-woodside-ave-37th-rd-1veb80,sidewalk,40.75091578,-73.90920705,37th Road,Woodside,Queens,NY,11377,2024-05-03 00:00:00,v3 cert,
Q - Beach 43rd St ,bored_blue_fish,Q-beach-43rd-st-15qgw0,,40.60015807,-73.77532549,Beach 43rd Street,Edgemere,Queens,NY,11691,2022-12-21 00:00:00,good,
M - E 6th St/FDR Dr,lively_stable_gannet,M-e-6th-st-fdr-drive-1vrfg0,sidewalk,40.721652,-73.975084,East 6th Street,East Village,Manhattan,NY,10009,2024-05-10 00:00:00,dead,
M - E Houston St/Baruch Dr,purely_trusty_hare,M-e-houston-st-baruch-dr-1zmfzc,sidewalk,40.71922977824903,-73.97731386827024,East Houston Street,Lower East Side,Manhattan,NY,10002,2024-07-24 03:38:00,v3 cert,
M - Lexington Ave/E 104th St,widely_aware_boxer,M-lexington-ave-e-104th-st-1yjfg0,sidewalk,40.7908449,-73.9468917,East 104th Street,East Harlem,Manhattan,NY,10029,2024-07-03 16:11:00,dead,
Q - 51st Ave/71st St,newly_humble_quail,Q-51st-ave-71st-st-20qac0,sidewalk,40.73584809311885,-73.89328591003245,71st Street,Woodside,Queens,NY,11377,2024-08-14 16:00:00,good,
BK - Dwight St/King St,openly_driven_tarpon,BK-dwight-st-king-st-0pznc0,sidewalk,40.6762931,-74.0086407,Dwight Street,Red Hook,Brooklyn,NY,11231,2022-02-18 00:00:00,good,
BX - Virginia Ave/E 177th St,truly_crisp_mullet,BX-virginia-ave-e-177th-st-1zbxsc,sidewalk,40.83258089819799,-73.8610137592957,East 177th Street,Unionport,Bronx,NY,10472,2024-07-18 11:29:00,v3 cert,
SI - Quincy Ave/Iona St,poorly_sunny_earwig,SI-quincy-ave-iona-st-1deh00,sidewalk,40.5764024,-74.0842748,"Quincy Avenue, Comanche Avenue",Midland Beach,Staten Island,NY,10305,2023-05-19 00:00:00,noisy,
Q - 30th Pl/ 47th Ave,gnarly_clever_coyote,Q-30th-pl-47th-ave-1x5co0,sidewalk,40.742833,-73.936853,30th Place,Sunnyside,Queens,NY,11101,2024-06-06 00:00:00,dead,
Q - Brinkerhoff Ave/157th St,tired_red_monkey,Q-brinkerhoff-ave-157th-st-11czg0,sidewalk,40.691989,-73.792461,"110th Avenue, Brinkerhoff Avenue",South Jamaica,Queens,NY,11433,2022-09-27 00:00:00,dead,
Q - Peck Ave/153rd st,nearly_tidy_weasel,Q-peck-ave-153rd-st-1lmug0,sidewalk,40.7456171,-73.8144174,153rd Street,Downtown Flushing,Queens,NY,11355,2023-10-26 00:00:00,good,
BK - Neptune Ave W 35th St,kindly_wanted_skunk,BK-neptune-ave-w-35th-st-1xvfk0,sidewalk,40.5770213,-74.0010209,West 35th Street,Sea Gate,Brooklyn,NY,11224,2024-06-20 00:00:00,v3 cert,
Q - 235th St/129th Ave,hugely_calm_thrush,Q-235th-st-129th-ave-20pwg0,sidewalk,40.68074055136418,-73.7320957904759,235th Street,Laurelton,Queens,NY,11422,2024-08-14 11:00:00,good,
Q - Deerfield Rd/Beach 28th St,unduly_simple_wombat,Q-deerfield-rd-beach-28th-st-1zdul0,sidewalk,40.597343270828674,-73.76145840970804,Beach 28th Street,Far Rockaway,Queens,NY,11691,2024-07-19 12:15:00,v3 cert,
BK - Neptune Ave W 29th St,namely_grand_dog,BK-neptune-ave-w-29th-st-1xvic0,sidewalk,40.5776046,-73.9957211,West 29th Street,Coney Island,Brooklyn,NY,11224,2024-06-20 00:00:00,dead,
M - Lafayette St/White St,lively_fancy_pup,M-lafayette-st-white-st-1zmfzc,sidewalk,40.717411151164896,-74.0015235602222,"Lafayette Street, Federal Plaza",Civic Center,Manhattan,NY,10013,2024-07-24 03:38:00,dead,
M - Varick St/Canal St,widely_brief_bee,M-varick-st-canal-st-1zmfzc,sidewalk,40.72253922898406,-74.00608980303016,Canal Street,Tribeca,Manhattan,NY,10013,2024-07-24 03:38:00,dead,
Q - Queens Blvd/Broadway,mostly_happy_beagle,Q-queens-boulevard-broadway-20q4s0,sidewalk,40.73671044290961,-73.87707363170033,Queens Boulevard,Lefrak City,Queens,NY,11373,2024-08-14 14:00:00,good,
BX - 1st St/Avenue A,wholly_useful_shrew,BX-1st-st-avenue-a-1zby90,sidewalk,40.81296114493338,-73.88099846855216,Avenue A,Hunts Point,Bronx,NY,10474,2024-07-18 11:39:00,dead,
BK - Linwood St/Wortman Ave,early_mature_grub,BK-linwood-st-wortman-ave-215zzc,sidewalk,40.660739429339145,-73.87597215051527,Wortman Avenue,East New York,Brooklyn,NY,11208,2024-08-23 03:38:00,noisy,
M - Nagle Ave/Dyckman St,lively_live_hawk,M-nagle-ave-dyckman-st-1yhf80,sidewalk,40.8617458,-73.924982,"Dyckman Street, West 200th Street",Inwood,Manhattan,NY,10040,2024-07-02 15:07:00,v3 cert,
M - Peck Slip/Front St,merely_fancy_sloth,M-peck-slip-front-st-1zmfzc,sidewalk,40.70783273509167,-74.0016968926549,Peck Slip,Lower East Side,Manhattan,NY,10038,2024-07-24 03:38:00,v3 cert,
BX - Boynton Ave/Lafayette Ave,humbly_casual_heron,BX-boynton-ave-lafayette-ave-1zby7c,sidewalk,40.81970264663994,-73.87627509017089,Lafayette Avenue,Soundview,Bronx,NY,10473,2024-07-18 11:38:00,dead,
BK - 85th St 24th Ave,widely_sweet_sheep,BK-85th-st-24th-ave-1xv780,sidewalk,40.599811,-73.9886,85th Street,Bensonhurst,Brooklyn,NY,11214,2024-06-20 00:00:00,v3 cert,
M - W 125th St/12th Ave,gladly_kind_mullet,M-w-125th-st-12th-ave-1yji80,sidewalk,40.8180584,-73.9599265,West 130th Street,Morningside Heights,Manhattan,NY,10027,2024-07-03 15:13:00,v3 cert,
M - W 147th St/Malcolm X Blvd,openly_tough_jay,M-w-147th-st-malcolm-x-blvd-1yhks0,sidewalk,40.8217812,-73.935526,West 147th Street,Central Harlem,Manhattan,NY,10039,2024-07-02 14:55:00,v3 cert,
BK - Columbia St/Bay St,vastly_saving_whale,BK-columbia-st-bay-st-0pzkk0,sidewalk,40.6732672,-74.0084181,Columbia Street,Red Hook,Brooklyn,NY,11231,2022-02-18 00:00:00,good,
BX - Tier St/William Ave,widely_polite_mink,BX-tier-st-william-ave-1hd2c0,sidewalk,40.847966,-73.789598,Tier Street,City Island,Bronx,NY,10464,2023-08-04 00:00:00,retired,2023-10-12 00:00:00
BX - Webster Ave/E 166th St,purely-finer-beagle,BX-webster-ave-e-166th-st-215110,sidewalk,40.82927969051485,-73.9113973082647,Webster Avenue,Morrisania,Bronx,NY,10456,2024-08-22 15:03:00,good,
BK - Ocean Pkwy/Avenue W,openly_fleet_tapir,BK-ocean-pkwy-avenue-w-20rtno,sidewalk,40.59319594189034,-73.96431001222875,"Ocean Parkway, Ocean Parkway Service Road",Gravesend,Brooklyn,NY,11223,2024-08-15 11:55:00,good,
Q - 76th St/37th Rd,fairly_right_kiwi,Q-76th-st-37th-rd-214qm0,sidewalk,40.74751870998483,-73.88939453284648,37th Road,Jackson Heights,Queens,NY,11372,2024-08-22 11:18:00,good,
BK - Fountain Ave/Flatlands Ave,hugely_daring_owl,BK-fountain-ave-flatlands-ave-215zzc,sidewalk,40.6603523065279,-73.8673259299444,Flatlands Avenue,East New York,Brooklyn,NY,11239,2024-08-23 03:38:00,dead,
BK - Flatlands 8th St/E 108th St,widely_comic_insect,BK-flatlands-8th-st-e-108th-st-1umx40,sidewalk,40.64090807,-73.88456498,Flatlands 8th Street,Canarsie,Brooklyn,NY,11236,2024-04-18 00:00:00,v3 cert,
Q - 183rd St/90th Ave,yearly_frank_mullet,Q-183rd-st-90th-ave-1lmow0,sidewalk,40.7111282,-73.7779036,90th Avenue,Hollis,Queens,NY,11423,2023-10-26 00:00:00,good,
SI - Bedford Ave/Kiswick St,widely_mint_rabbit,SI-bedford-ave-kiswick-st-1j3pw0,sidewalk,40.575318,-74.095266,Bedford Avenue,Midland Beach,Staten Island,NY,10306,2023-09-07 00:00:00,good,
BK - Henry St/Mill St,jolly_tender_squid,BK-henry-st-mill-st-0pzq40,sidewalk,40.67573424,-74.00339626,Henry Street,Red Hook,Brooklyn,NY,11231,2022-02-18 00:00:00,good,
SI - Olympia Blvd/ Mapleton Ave,widely_full_weevil,SI-olympia-blvd-mapleton-ave-1dee80,sidewalk,40.5739834,-74.0918837,Olympia Boulevard,Midland Beach,Staten Island,NY,10306,2023-05-19 00:00:00,good,
BK - Morgan Ave/Johnson Ave,widely_whole_tarpon,BK-morgan-ave-johnson-ave-1e4600,sidewalk,40.7078606,-73.9324263,Morgan Avenue,Williamsburg,Brooklyn,NY,11237,2023-06-02 00:00:00,good,
BK - Avenue P/E 9th St,nicely_great_perch,BK-avenue-p-e-9th-st-20rub0,sidewalk,40.60981273260978,-73.96460624634652,Avenue P,Gravesend,Brooklyn,NY,11223,2024-08-15 12:09:00,good,
